{
  "images" : [
    {
      "idiom" : "universal",
      "scale" : "1x"
    },
    {
      "resizing" : {
        "mode" : "9-part",
        "center" : {
          "mode" : "tile",
          "width" : 1,
          "height" : 1
        },
        "cap-insets" : {
          "bottom" : 31,
          "top" : 28,
          "right" : 30,
          "left" : 29
        }
      },
      "idiom" : "universal",
      "filename" : "ad_btn_green_pressed.9@2x.png",
      "scale" : "2x"
    },
    {
      "resizing" : {
        "mode" : "9-part",
        "center" : {
          "mode" : "tile",
          "width" : 1,
          "height" : 1
        },
        "cap-insets" : {
          "bottom" : 54,
          "top" : 35,
          "right" : 54,
          "left" : 35
        }
      },
      "idiom" : "universal",
      "filename" : "ad_btn_green_pressed.9@3x.png",
      "scale" : "3x"
    }
  ],
  "info" : {
    "version" : 1,
    "author" : "xcode"
  }
}